id	ca	ioa	asdu	name	dsc	val	threshold
1	2	1	45	KP_1_ZDV_1.TU.ToOpen		0	0
2	2	2	45	KP_1_ZDV_1.TU.ToClose		0	0
3	2	3	30	KP_1_ZDV_1.TS.Opened		0	
4	2	4	30	KP_1_ZDV_1.TS.Closed		0	
5	2	5	36	KP_1_ZDV_1.TI.Pin		0.0	0.1
6	2	6	36	KP_1_ZDV_1.TI.Pout		0.0	0.1
7	2	7	50	KP_1_ZDV_1.TR.SetTimeOpen		0.0	0
8	2	8	50	KP_1_ZDV_1.TR.SetTimeClose		0.0	0
9	2	9	45	KP_1_ZDV_2.TU.ToOpen		0	0
10	2	10	45	KP_1_ZDV_2.TU.ToClose		0	0
11	2	11	30	KP_1_ZDV_2.TS.Opened		0	
12	2	12	30	KP_1_ZDV_2.TS.Closed		0	
13	2	13	36	KP_1_ZDV_2.TI.Pin		0.0	0.1
14	2	14	36	KP_1_ZDV_2.TI.Pout		0.0	0.1
15	2	15	50	KP_1_ZDV_2.TR.SetTimeOpen		0.0	0
16	2	16	50	KP_1_ZDV_2.TR.SetTimeClose		0.0	0
17	2	17	45	KP_1_ZDV_3.TU.ToOpen		0	0
18	2	18	45	KP_1_ZDV_3.TU.ToClose		0	0
19	2	19	30	KP_1_ZDV_3.TS.Opened		0	
20	2	20	30	KP_1_ZDV_3.TS.Closed		0	
21	2	21	36	KP_1_ZDV_3.TI.Pin		0.0	0.1
22	2	22	36	KP_1_ZDV_3.TI.Pout		0.0	0.1
23	2	23	50	KP_1_ZDV_3.TR.SetTimeOpen		0.0	0
24	2	24	50	KP_1_ZDV_3.TR.SetTimeClose		0.0	0
25	2	25	45	KP_1_ZDV_4.TU.ToOpen		0	0
26	2	26	45	KP_1_ZDV_4.TU.ToClose		0	0
27	2	27	30	KP_1_ZDV_4.TS.Opened		0	
28	2	28	30	KP_1_ZDV_4.TS.Closed		0	
29	2	29	36	KP_1_ZDV_4.TI.Pin		0.0	0.1
30	2	30	36	KP_1_ZDV_4.TI.Pout		0.0	0.1
31	2	31	50	KP_1_ZDV_4.TR.SetTimeOpen		0.0	0
32	2	32	50	KP_1_ZDV_4.TR.SetTimeClose		0.0	0
33	2	33	45	KP_1_ZDV_5.TU.ToOpen		0	0
34	2	34	45	KP_1_ZDV_5.TU.ToClose		0	0
35	2	35	30	KP_1_ZDV_5.TS.Opened		0	
36	2	36	30	KP_1_ZDV_5.TS.Closed		0	
37	2	37	36	KP_1_ZDV_5.TI.Pin		0.0	0.1
38	2	38	36	KP_1_ZDV_5.TI.Pout		0.0	0.1
39	2	39	50	KP_1_ZDV_5.TR.SetTimeOpen		0.0	0
40	2	40	50	KP_1_ZDV_5.TR.SetTimeClose		0.0	0
41	2	41	45	KP_1_ZDV_6.TU.ToOpen		0	0
42	2	42	45	KP_1_ZDV_6.TU.ToClose		0	0
43	2	43	30	KP_1_ZDV_6.TS.Opened		0	
44	2	44	30	KP_1_ZDV_6.TS.Closed		0	
45	2	45	36	KP_1_ZDV_6.TI.Pin		0.0	0.1
46	2	46	36	KP_1_ZDV_6.TI.Pout		0.0	0.1
47	2	47	50	KP_1_ZDV_6.TR.SetTimeOpen		0.0	0
48	2	48	50	KP_1_ZDV_6.TR.SetTimeClose		0.0	0
49	2	49	45	KP_1_ZDV_7.TU.ToOpen		0	0
50	2	50	45	KP_1_ZDV_7.TU.ToClose		0	0
51	2	51	30	KP_1_ZDV_7.TS.Opened		0	
52	2	52	30	KP_1_ZDV_7.TS.Closed		0	
53	2	53	36	KP_1_ZDV_7.TI.Pin		0.0	0.1
54	2	54	36	KP_1_ZDV_7.TI.Pout		0.0	0.1
55	2	55	50	KP_1_ZDV_7.TR.SetTimeOpen		0.0	0
56	2	56	50	KP_1_ZDV_7.TR.SetTimeClose		0.0	0
57	2	57	45	KP_1_ZDV_8.TU.ToOpen		0	0
58	2	58	45	KP_1_ZDV_8.TU.ToClose		0	0
59	2	59	30	KP_1_ZDV_8.TS.Opened		0	
60	2	60	30	KP_1_ZDV_8.TS.Closed		0	
61	2	61	36	KP_1_ZDV_8.TI.Pin		0.0	0.1
62	2	62	36	KP_1_ZDV_8.TI.Pout		0.0	0.1
63	2	63	50	KP_1_ZDV_8.TR.SetTimeOpen		0.0	0
64	2	64	50	KP_1_ZDV_8.TR.SetTimeClose		0.0	0
65	2	65	45	KP_1_ZDV_9.TU.ToOpen		0	0
66	2	66	45	KP_1_ZDV_9.TU.ToClose		0	0
67	2	67	30	KP_1_ZDV_9.TS.Opened		0	
68	2	68	30	KP_1_ZDV_9.TS.Closed		0	
69	2	69	36	KP_1_ZDV_9.TI.Pin		0.0	0.1
70	2	70	36	KP_1_ZDV_9.TI.Pout		0.0	0.1
71	2	71	50	KP_1_ZDV_9.TR.SetTimeOpen		0.0	0
72	2	72	50	KP_1_ZDV_9.TR.SetTimeClose		0.0	0
73	2	73	45	KP_1_ZDV_10.TU.ToOpen		0	0
74	2	74	45	KP_1_ZDV_10.TU.ToClose		0	0
75	2	75	30	KP_1_ZDV_10.TS.Opened		0	
76	2	76	30	KP_1_ZDV_10.TS.Closed		0	
77	2	77	36	KP_1_ZDV_10.TI.Pin		0.0	0.1
78	2	78	36	KP_1_ZDV_10.TI.Pout		0.0	0.1
79	2	79	50	KP_1_ZDV_10.TR.SetTimeOpen		0.0	0
80	2	80	50	KP_1_ZDV_10.TR.SetTimeClose		0.0	0
81	2	81	45	KP_1_ZDV_11.TU.ToOpen		0	0
82	2	82	45	KP_1_ZDV_11.TU.ToClose		0	0
83	2	83	30	KP_1_ZDV_11.TS.Opened		0	
84	2	84	30	KP_1_ZDV_11.TS.Closed		0	
85	2	85	36	KP_1_ZDV_11.TI.Pin		0.0	0.1
86	2	86	36	KP_1_ZDV_11.TI.Pout		0.0	0.1
87	2	87	50	KP_1_ZDV_11.TR.SetTimeOpen		0.0	0
88	2	88	50	KP_1_ZDV_11.TR.SetTimeClose		0.0	0
89	2	89	45	KP_1_ZDV_12.TU.ToOpen		0	0
90	2	90	45	KP_1_ZDV_12.TU.ToClose		0	0
91	2	91	30	KP_1_ZDV_12.TS.Opened		0	
92	2	92	30	KP_1_ZDV_12.TS.Closed		0	
93	2	93	36	KP_1_ZDV_12.TI.Pin		0.0	0.1
94	2	94	36	KP_1_ZDV_12.TI.Pout		0.0	0.1
95	2	95	50	KP_1_ZDV_12.TR.SetTimeOpen		0.0	0
96	2	96	50	KP_1_ZDV_12.TR.SetTimeClose		0.0	0
97	2	97	45	KP_1_ZDV_13.TU.ToOpen		0	0
98	2	98	45	KP_1_ZDV_13.TU.ToClose		0	0
99	2	99	30	KP_1_ZDV_13.TS.Opened		0	
100	2	100	30	KP_1_ZDV_13.TS.Closed		0	
101	2	101	36	KP_1_ZDV_13.TI.Pin		0.0	0.1
102	2	102	36	KP_1_ZDV_13.TI.Pout		0.0	0.1
103	2	103	50	KP_1_ZDV_13.TR.SetTimeOpen		0.0	0
104	2	104	50	KP_1_ZDV_13.TR.SetTimeClose		0.0	0
105	2	105	45	KP_1_ZDV_14.TU.ToOpen		0	0
106	2	106	45	KP_1_ZDV_14.TU.ToClose		0	0
107	2	107	30	KP_1_ZDV_14.TS.Opened		0	
108	2	108	30	KP_1_ZDV_14.TS.Closed		0	
109	2	109	36	KP_1_ZDV_14.TI.Pin		0.0	0.1
110	2	110	36	KP_1_ZDV_14.TI.Pout		0.0	0.1
111	2	111	50	KP_1_ZDV_14.TR.SetTimeOpen		0.0	0
112	2	112	50	KP_1_ZDV_14.TR.SetTimeClose		0.0	0
113	2	113	45	KP_1_ZDV_15.TU.ToOpen		0	0
114	2	114	45	KP_1_ZDV_15.TU.ToClose		0	0
115	2	115	30	KP_1_ZDV_15.TS.Opened		0	
116	2	116	30	KP_1_ZDV_15.TS.Closed		0	
117	2	117	36	KP_1_ZDV_15.TI.Pin		0.0	0.1
118	2	118	36	KP_1_ZDV_15.TI.Pout		0.0	0.1
119	2	119	50	KP_1_ZDV_15.TR.SetTimeOpen		0.0	0
120	2	120	50	KP_1_ZDV_15.TR.SetTimeClose		0.0	0
121	2	121	45	KP_1_ZDV_16.TU.ToOpen		0	0
122	2	122	45	KP_1_ZDV_16.TU.ToClose		0	0
123	2	123	30	KP_1_ZDV_16.TS.Opened		0	
124	2	124	30	KP_1_ZDV_16.TS.Closed		0	
125	2	125	36	KP_1_ZDV_16.TI.Pin		0.0	0.1
126	2	126	36	KP_1_ZDV_16.TI.Pout		0.0	0.1
127	2	127	50	KP_1_ZDV_16.TR.SetTimeOpen		0.0	0
128	2	128	50	KP_1_ZDV_16.TR.SetTimeClose		0.0	0
129	2	129	45	KP_1_ZDV_17.TU.ToOpen		0	0
130	2	130	45	KP_1_ZDV_17.TU.ToClose		0	0
131	2	131	30	KP_1_ZDV_17.TS.Opened		0	
132	2	132	30	KP_1_ZDV_17.TS.Closed		0	
133	2	133	36	KP_1_ZDV_17.TI.Pin		0.0	0.1
134	2	134	36	KP_1_ZDV_17.TI.Pout		0.0	0.1
135	2	135	50	KP_1_ZDV_17.TR.SetTimeOpen		0.0	0
136	2	136	50	KP_1_ZDV_17.TR.SetTimeClose		0.0	0
137	2	137	45	KP_1_ZDV_18.TU.ToOpen		0	0
138	2	138	45	KP_1_ZDV_18.TU.ToClose		0	0
139	2	139	30	KP_1_ZDV_18.TS.Opened		0	
140	2	140	30	KP_1_ZDV_18.TS.Closed		0	
141	2	141	36	KP_1_ZDV_18.TI.Pin		0.0	0.1
142	2	142	36	KP_1_ZDV_18.TI.Pout		0.0	0.1
143	2	143	50	KP_1_ZDV_18.TR.SetTimeOpen		0.0	0
144	2	144	50	KP_1_ZDV_18.TR.SetTimeClose		0.0	0
145	2	145	45	KP_1_ZDV_19.TU.ToOpen		0	0
146	2	146	45	KP_1_ZDV_19.TU.ToClose		0	0
147	2	147	30	KP_1_ZDV_19.TS.Opened		0	
148	2	148	30	KP_1_ZDV_19.TS.Closed		0	
149	2	149	36	KP_1_ZDV_19.TI.Pin		0.0	0.1
150	2	150	36	KP_1_ZDV_19.TI.Pout		0.0	0.1
151	2	151	50	KP_1_ZDV_19.TR.SetTimeOpen		0.0	0
152	2	152	50	KP_1_ZDV_19.TR.SetTimeClose		0.0	0
153	2	153	45	KP_1_ZDV_20.TU.ToOpen		0	0
154	2	154	45	KP_1_ZDV_20.TU.ToClose		0	0
155	2	155	30	KP_1_ZDV_20.TS.Opened		0	
156	2	156	30	KP_1_ZDV_20.TS.Closed		0	
157	2	157	36	KP_1_ZDV_20.TI.Pin		0.0	0.1
158	2	158	36	KP_1_ZDV_20.TI.Pout		0.0	0.1
159	2	159	50	KP_1_ZDV_20.TR.SetTimeOpen		0.0	0
160	2	160	50	KP_1_ZDV_20.TR.SetTimeClose		0.0	0
161	2	161	45	KP_1_ZDV_21.TU.ToOpen		0	0
162	2	162	45	KP_1_ZDV_21.TU.ToClose		0	0
163	2	163	30	KP_1_ZDV_21.TS.Opened		0	
164	2	164	30	KP_1_ZDV_21.TS.Closed		0	
165	2	165	36	KP_1_ZDV_21.TI.Pin		0.0	0.1
166	2	166	36	KP_1_ZDV_21.TI.Pout		0.0	0.1
167	2	167	50	KP_1_ZDV_21.TR.SetTimeOpen		0.0	0
168	2	168	50	KP_1_ZDV_21.TR.SetTimeClose		0.0	0
169	2	169	45	KP_1_ZDV_22.TU.ToOpen		0	0
170	2	170	45	KP_1_ZDV_22.TU.ToClose		0	0
171	2	171	30	KP_1_ZDV_22.TS.Opened		0	
172	2	172	30	KP_1_ZDV_22.TS.Closed		0	
173	2	173	36	KP_1_ZDV_22.TI.Pin		0.0	0.1
174	2	174	36	KP_1_ZDV_22.TI.Pout		0.0	0.1
175	2	175	50	KP_1_ZDV_22.TR.SetTimeOpen		0.0	0
176	2	176	50	KP_1_ZDV_22.TR.SetTimeClose		0.0	0
177	2	177	45	KP_1_ZDV_23.TU.ToOpen		0	0
178	2	178	45	KP_1_ZDV_23.TU.ToClose		0	0
179	2	179	30	KP_1_ZDV_23.TS.Opened		0	
180	2	180	30	KP_1_ZDV_23.TS.Closed		0	
181	2	181	36	KP_1_ZDV_23.TI.Pin		0.0	0.1
182	2	182	36	KP_1_ZDV_23.TI.Pout		0.0	0.1
183	2	183	50	KP_1_ZDV_23.TR.SetTimeOpen		0.0	0
184	2	184	50	KP_1_ZDV_23.TR.SetTimeClose		0.0	0
185	2	185	45	KP_1_ZDV_24.TU.ToOpen		0	0
186	2	186	45	KP_1_ZDV_24.TU.ToClose		0	0
187	2	187	30	KP_1_ZDV_24.TS.Opened		0	
188	2	188	30	KP_1_ZDV_24.TS.Closed		0	
189	2	189	36	KP_1_ZDV_24.TI.Pin		0.0	0.1
190	2	190	36	KP_1_ZDV_24.TI.Pout		0.0	0.1
191	2	191	50	KP_1_ZDV_24.TR.SetTimeOpen		0.0	0
192	2	192	50	KP_1_ZDV_24.TR.SetTimeClose		0.0	0
193	2	193	45	KP_1_ZDV_25.TU.ToOpen		0	0
194	2	194	45	KP_1_ZDV_25.TU.ToClose		0	0
195	2	195	30	KP_1_ZDV_25.TS.Opened		0	
196	2	196	30	KP_1_ZDV_25.TS.Closed		0	
197	2	197	36	KP_1_ZDV_25.TI.Pin		0.0	0.1
198	2	198	36	KP_1_ZDV_25.TI.Pout		0.0	0.1
199	2	199	50	KP_1_ZDV_25.TR.SetTimeOpen		0.0	0
200	2	200	50	KP_1_ZDV_25.TR.SetTimeClose		0.0	0
201	2	201	45	KP_1_ZDV_26.TU.ToOpen		0	0
202	2	202	45	KP_1_ZDV_26.TU.ToClose		0	0
203	2	203	30	KP_1_ZDV_26.TS.Opened		0	
204	2	204	30	KP_1_ZDV_26.TS.Closed		0	
205	2	205	36	KP_1_ZDV_26.TI.Pin		0.0	0.1
206	2	206	36	KP_1_ZDV_26.TI.Pout		0.0	0.1
207	2	207	50	KP_1_ZDV_26.TR.SetTimeOpen		0.0	0
208	2	208	50	KP_1_ZDV_26.TR.SetTimeClose		0.0	0
209	2	209	45	KP_1_ZDV_27.TU.ToOpen		0	0
210	2	210	45	KP_1_ZDV_27.TU.ToClose		0	0
211	2	211	30	KP_1_ZDV_27.TS.Opened		0	
212	2	212	30	KP_1_ZDV_27.TS.Closed		0	
213	2	213	36	KP_1_ZDV_27.TI.Pin		0.0	0.1
214	2	214	36	KP_1_ZDV_27.TI.Pout		0.0	0.1
215	2	215	50	KP_1_ZDV_27.TR.SetTimeOpen		0.0	0
216	2	216	50	KP_1_ZDV_27.TR.SetTimeClose		0.0	0
217	2	217	45	KP_1_ZDV_28.TU.ToOpen		0	0
218	2	218	45	KP_1_ZDV_28.TU.ToClose		0	0
219	2	219	30	KP_1_ZDV_28.TS.Opened		0	
220	2	220	30	KP_1_ZDV_28.TS.Closed		0	
221	2	221	36	KP_1_ZDV_28.TI.Pin		0.0	0.1
222	2	222	36	KP_1_ZDV_28.TI.Pout		0.0	0.1
223	2	223	50	KP_1_ZDV_28.TR.SetTimeOpen		0.0	0
224	2	224	50	KP_1_ZDV_28.TR.SetTimeClose		0.0	0
225	2	225	45	KP_1_ZDV_29.TU.ToOpen		0	0
226	2	226	45	KP_1_ZDV_29.TU.ToClose		0	0
227	2	227	30	KP_1_ZDV_29.TS.Opened		0	
228	2	228	30	KP_1_ZDV_29.TS.Closed		0	
229	2	229	36	KP_1_ZDV_29.TI.Pin		0.0	0.1
230	2	230	36	KP_1_ZDV_29.TI.Pout		0.0	0.1
231	2	231	50	KP_1_ZDV_29.TR.SetTimeOpen		0.0	0
232	2	232	50	KP_1_ZDV_29.TR.SetTimeClose		0.0	0
233	2	233	45	KP_1_ZDV_30.TU.ToOpen		0	0
234	2	234	45	KP_1_ZDV_30.TU.ToClose		0	0
235	2	235	30	KP_1_ZDV_30.TS.Opened		0	
236	2	236	30	KP_1_ZDV_30.TS.Closed		0	
237	2	237	36	KP_1_ZDV_30.TI.Pin		0.0	0.1
238	2	238	36	KP_1_ZDV_30.TI.Pout		0.0	0.1
239	2	239	50	KP_1_ZDV_30.TR.SetTimeOpen		0.0	0
240	2	240	50	KP_1_ZDV_30.TR.SetTimeClose		0.0	0
241	2	241	45	KP_1_ZDV_31.TU.ToOpen		0	0
242	2	242	45	KP_1_ZDV_31.TU.ToClose		0	0
243	2	243	30	KP_1_ZDV_31.TS.Opened		0	
244	2	244	30	KP_1_ZDV_31.TS.Closed		0	
245	2	245	36	KP_1_ZDV_31.TI.Pin		0.0	0.1
246	2	246	36	KP_1_ZDV_31.TI.Pout		0.0	0.1
247	2	247	50	KP_1_ZDV_31.TR.SetTimeOpen		0.0	0
248	2	248	50	KP_1_ZDV_31.TR.SetTimeClose		0.0	0
249	2	249	45	KP_1_ZDV_32.TU.ToOpen		0	0
250	2	250	45	KP_1_ZDV_32.TU.ToClose		0	0
251	2	251	30	KP_1_ZDV_32.TS.Opened		0	
252	2	252	30	KP_1_ZDV_32.TS.Closed		0	
253	2	253	36	KP_1_ZDV_32.TI.Pin		0.0	0.1
254	2	254	36	KP_1_ZDV_32.TI.Pout		0.0	0.1
255	2	255	50	KP_1_ZDV_32.TR.SetTimeOpen		0.0	0
256	2	256	50	KP_1_ZDV_32.TR.SetTimeClose		0.0	0
257	2	257	45	KP_1_ZDV_33.TU.ToOpen		0	0
258	2	258	45	KP_1_ZDV_33.TU.ToClose		0	0
259	2	259	30	KP_1_ZDV_33.TS.Opened		0	
260	2	260	30	KP_1_ZDV_33.TS.Closed		0	
261	2	261	36	KP_1_ZDV_33.TI.Pin		0.0	0.1
262	2	262	36	KP_1_ZDV_33.TI.Pout		0.0	0.1
263	2	263	50	KP_1_ZDV_33.TR.SetTimeOpen		0.0	0
264	2	264	50	KP_1_ZDV_33.TR.SetTimeClose		0.0	0
265	2	265	45	KP_1_ZDV_34.TU.ToOpen		0	0
266	2	266	45	KP_1_ZDV_34.TU.ToClose		0	0
267	2	267	30	KP_1_ZDV_34.TS.Opened		0	
268	2	268	30	KP_1_ZDV_34.TS.Closed		0	
269	2	269	36	KP_1_ZDV_34.TI.Pin		0.0	0.1
270	2	270	36	KP_1_ZDV_34.TI.Pout		0.0	0.1
271	2	271	50	KP_1_ZDV_34.TR.SetTimeOpen		0.0	0
272	2	272	50	KP_1_ZDV_34.TR.SetTimeClose		0.0	0
273	2	273	45	KP_1_ZDV_35.TU.ToOpen		0	0
274	2	274	45	KP_1_ZDV_35.TU.ToClose		0	0
275	2	275	30	KP_1_ZDV_35.TS.Opened		0	
276	2	276	30	KP_1_ZDV_35.TS.Closed		0	
277	2	277	36	KP_1_ZDV_35.TI.Pin		0.0	0.1
278	2	278	36	KP_1_ZDV_35.TI.Pout		0.0	0.1
279	2	279	50	KP_1_ZDV_35.TR.SetTimeOpen		0.0	0
280	2	280	50	KP_1_ZDV_35.TR.SetTimeClose		0.0	0
281	2	281	45	KP_1_ZDV_36.TU.ToOpen		0	0
282	2	282	45	KP_1_ZDV_36.TU.ToClose		0	0
283	2	283	30	KP_1_ZDV_36.TS.Opened		0	
284	2	284	30	KP_1_ZDV_36.TS.Closed		0	
285	2	285	36	KP_1_ZDV_36.TI.Pin		0.0	0.1
286	2	286	36	KP_1_ZDV_36.TI.Pout		0.0	0.1
287	2	287	50	KP_1_ZDV_36.TR.SetTimeOpen		0.0	0
288	2	288	50	KP_1_ZDV_36.TR.SetTimeClose		0.0	0
289	2	289	45	KP_1_ZDV_37.TU.ToOpen		0	0
290	2	290	45	KP_1_ZDV_37.TU.ToClose		0	0
291	2	291	30	KP_1_ZDV_37.TS.Opened		0	
292	2	292	30	KP_1_ZDV_37.TS.Closed		0	
293	2	293	36	KP_1_ZDV_37.TI.Pin		0.0	0.1
294	2	294	36	KP_1_ZDV_37.TI.Pout		0.0	0.1
295	2	295	50	KP_1_ZDV_37.TR.SetTimeOpen		0.0	0
296	2	296	50	KP_1_ZDV_37.TR.SetTimeClose		0.0	0
297	2	297	45	KP_1_ZDV_38.TU.ToOpen		0	0
298	2	298	45	KP_1_ZDV_38.TU.ToClose		0	0
299	2	299	30	KP_1_ZDV_38.TS.Opened		0	
300	2	300	30	KP_1_ZDV_38.TS.Closed		0	
301	2	301	36	KP_1_ZDV_38.TI.Pin		0.0	0.1
302	2	302	36	KP_1_ZDV_38.TI.Pout		0.0	0.1
303	2	303	50	KP_1_ZDV_38.TR.SetTimeOpen		0.0	0
304	2	304	50	KP_1_ZDV_38.TR.SetTimeClose		0.0	0
305	2	305	45	KP_1_ZDV_39.TU.ToOpen		0	0
306	2	306	45	KP_1_ZDV_39.TU.ToClose		0	0
307	2	307	30	KP_1_ZDV_39.TS.Opened		0	
308	2	308	30	KP_1_ZDV_39.TS.Closed		0	
309	2	309	36	KP_1_ZDV_39.TI.Pin		0.0	0.1
310	2	310	36	KP_1_ZDV_39.TI.Pout		0.0	0.1
311	2	311	50	KP_1_ZDV_39.TR.SetTimeOpen		0.0	0
312	2	312	50	KP_1_ZDV_39.TR.SetTimeClose		0.0	0
313	2	313	45	KP_1_ZDV_40.TU.ToOpen		0	0
314	2	314	45	KP_1_ZDV_40.TU.ToClose		0	0
315	2	315	30	KP_1_ZDV_40.TS.Opened		0	
316	2	316	30	KP_1_ZDV_40.TS.Closed		0	
317	2	317	36	KP_1_ZDV_40.TI.Pin		0.0	0.1
318	2	318	36	KP_1_ZDV_40.TI.Pout		0.0	0.1
319	2	319	50	KP_1_ZDV_40.TR.SetTimeOpen		0.0	0
320	2	320	50	KP_1_ZDV_40.TR.SetTimeClose		0.0	0
321	2	321	45	KP_1_ZDV_41.TU.ToOpen		0	0
322	2	322	45	KP_1_ZDV_41.TU.ToClose		0	0
323	2	323	30	KP_1_ZDV_41.TS.Opened		0	
324	2	324	30	KP_1_ZDV_41.TS.Closed		0	
325	2	325	36	KP_1_ZDV_41.TI.Pin		0.0	0.1
326	2	326	36	KP_1_ZDV_41.TI.Pout		0.0	0.1
327	2	327	50	KP_1_ZDV_41.TR.SetTimeOpen		0.0	0
328	2	328	50	KP_1_ZDV_41.TR.SetTimeClose		0.0	0
329	2	329	45	KP_1_ZDV_42.TU.ToOpen		0	0
330	2	330	45	KP_1_ZDV_42.TU.ToClose		0	0
331	2	331	30	KP_1_ZDV_42.TS.Opened		0	
332	2	332	30	KP_1_ZDV_42.TS.Closed		0	
333	2	333	36	KP_1_ZDV_42.TI.Pin		0.0	0.1
334	2	334	36	KP_1_ZDV_42.TI.Pout		0.0	0.1
335	2	335	50	KP_1_ZDV_42.TR.SetTimeOpen		0.0	0
336	2	336	50	KP_1_ZDV_42.TR.SetTimeClose		0.0	0
337	2	337	45	KP_1_ZDV_43.TU.ToOpen		0	0
338	2	338	45	KP_1_ZDV_43.TU.ToClose		0	0
339	2	339	30	KP_1_ZDV_43.TS.Opened		0	
340	2	340	30	KP_1_ZDV_43.TS.Closed		0	
341	2	341	36	KP_1_ZDV_43.TI.Pin		0.0	0.1
342	2	342	36	KP_1_ZDV_43.TI.Pout		0.0	0.1
343	2	343	50	KP_1_ZDV_43.TR.SetTimeOpen		0.0	0
344	2	344	50	KP_1_ZDV_43.TR.SetTimeClose		0.0	0
345	2	345	45	KP_1_ZDV_44.TU.ToOpen		0	0
346	2	346	45	KP_1_ZDV_44.TU.ToClose		0	0
347	2	347	30	KP_1_ZDV_44.TS.Opened		0	
348	2	348	30	KP_1_ZDV_44.TS.Closed		0	
349	2	349	36	KP_1_ZDV_44.TI.Pin		0.0	0.1
350	2	350	36	KP_1_ZDV_44.TI.Pout		0.0	0.1
351	2	351	50	KP_1_ZDV_44.TR.SetTimeOpen		0.0	0
352	2	352	50	KP_1_ZDV_44.TR.SetTimeClose		0.0	0
353	2	353	45	KP_1_ZDV_45.TU.ToOpen		0	0
354	2	354	45	KP_1_ZDV_45.TU.ToClose		0	0
355	2	355	30	KP_1_ZDV_45.TS.Opened		0	
356	2	356	30	KP_1_ZDV_45.TS.Closed		0	
357	2	357	36	KP_1_ZDV_45.TI.Pin		0.0	0.1
358	2	358	36	KP_1_ZDV_45.TI.Pout		0.0	0.1
359	2	359	50	KP_1_ZDV_45.TR.SetTimeOpen		0.0	0
360	2	360	50	KP_1_ZDV_45.TR.SetTimeClose		0.0	0
361	2	361	45	KP_1_ZDV_46.TU.ToOpen		0	0
362	2	362	45	KP_1_ZDV_46.TU.ToClose		0	0
363	2	363	30	KP_1_ZDV_46.TS.Opened		0	
364	2	364	30	KP_1_ZDV_46.TS.Closed		0	
365	2	365	36	KP_1_ZDV_46.TI.Pin		0.0	0.1
366	2	366	36	KP_1_ZDV_46.TI.Pout		0.0	0.1
367	2	367	50	KP_1_ZDV_46.TR.SetTimeOpen		0.0	0
368	2	368	50	KP_1_ZDV_46.TR.SetTimeClose		0.0	0
369	2	369	45	KP_1_ZDV_47.TU.ToOpen		0	0
370	2	370	45	KP_1_ZDV_47.TU.ToClose		0	0
371	2	371	30	KP_1_ZDV_47.TS.Opened		0	
372	2	372	30	KP_1_ZDV_47.TS.Closed		0	
373	2	373	36	KP_1_ZDV_47.TI.Pin		0.0	0.1
374	2	374	36	KP_1_ZDV_47.TI.Pout		0.0	0.1
375	2	375	50	KP_1_ZDV_47.TR.SetTimeOpen		0.0	0
376	2	376	50	KP_1_ZDV_47.TR.SetTimeClose		0.0	0
377	2	377	45	KP_1_ZDV_48.TU.ToOpen		0	0
378	2	378	45	KP_1_ZDV_48.TU.ToClose		0	0
379	2	379	30	KP_1_ZDV_48.TS.Opened		0	
380	2	380	30	KP_1_ZDV_48.TS.Closed		0	
381	2	381	36	KP_1_ZDV_48.TI.Pin		0.0	0.1
382	2	382	36	KP_1_ZDV_48.TI.Pout		0.0	0.1
383	2	383	50	KP_1_ZDV_48.TR.SetTimeOpen		0.0	0
384	2	384	50	KP_1_ZDV_48.TR.SetTimeClose		0.0	0
385	2	385	45	KP_1_ZDV_49.TU.ToOpen		0	0
386	2	386	45	KP_1_ZDV_49.TU.ToClose		0	0
387	2	387	30	KP_1_ZDV_49.TS.Opened		0	
388	2	388	30	KP_1_ZDV_49.TS.Closed		0	
389	2	389	36	KP_1_ZDV_49.TI.Pin		0.0	0.1
390	2	390	36	KP_1_ZDV_49.TI.Pout		0.0	0.1
391	2	391	50	KP_1_ZDV_49.TR.SetTimeOpen		0.0	0
392	2	392	50	KP_1_ZDV_49.TR.SetTimeClose		0.0	0
393	2	393	45	KP_1_ZDV_50.TU.ToOpen		0	0
394	2	394	45	KP_1_ZDV_50.TU.ToClose		0	0
395	2	395	30	KP_1_ZDV_50.TS.Opened		0	
396	2	396	30	KP_1_ZDV_50.TS.Closed		0	
397	2	397	36	KP_1_ZDV_50.TI.Pin		0.0	0.1
398	2	398	36	KP_1_ZDV_50.TI.Pout		0.0	0.1
399	2	399	50	KP_1_ZDV_50.TR.SetTimeOpen		0.0	0
400	2	400	50	KP_1_ZDV_50.TR.SetTimeClose		0.0	0
401	2	401	45	KP_1_ZDV_51.TU.ToOpen		0	0
402	2	402	45	KP_1_ZDV_51.TU.ToClose		0	0
403	2	403	30	KP_1_ZDV_51.TS.Opened		0	
404	2	404	30	KP_1_ZDV_51.TS.Closed		0	
405	2	405	36	KP_1_ZDV_51.TI.Pin		0.0	0.1
406	2	406	36	KP_1_ZDV_51.TI.Pout		0.0	0.1
407	2	407	50	KP_1_ZDV_51.TR.SetTimeOpen		0.0	0
408	2	408	50	KP_1_ZDV_51.TR.SetTimeClose		0.0	0
409	2	409	45	KP_1_ZDV_52.TU.ToOpen		0	0
410	2	410	45	KP_1_ZDV_52.TU.ToClose		0	0
411	2	411	30	KP_1_ZDV_52.TS.Opened		0	
412	2	412	30	KP_1_ZDV_52.TS.Closed		0	
413	2	413	36	KP_1_ZDV_52.TI.Pin		0.0	0.1
414	2	414	36	KP_1_ZDV_52.TI.Pout		0.0	0.1
415	2	415	50	KP_1_ZDV_52.TR.SetTimeOpen		0.0	0
416	2	416	50	KP_1_ZDV_52.TR.SetTimeClose		0.0	0
417	2	417	45	KP_1_ZDV_53.TU.ToOpen		0	0
418	2	418	45	KP_1_ZDV_53.TU.ToClose		0	0
419	2	419	30	KP_1_ZDV_53.TS.Opened		0	
420	2	420	30	KP_1_ZDV_53.TS.Closed		0	
421	2	421	36	KP_1_ZDV_53.TI.Pin		0.0	0.1
422	2	422	36	KP_1_ZDV_53.TI.Pout		0.0	0.1
423	2	423	50	KP_1_ZDV_53.TR.SetTimeOpen		0.0	0
424	2	424	50	KP_1_ZDV_53.TR.SetTimeClose		0.0	0
425	2	425	45	KP_1_ZDV_54.TU.ToOpen		0	0
426	2	426	45	KP_1_ZDV_54.TU.ToClose		0	0
427	2	427	30	KP_1_ZDV_54.TS.Opened		0	
428	2	428	30	KP_1_ZDV_54.TS.Closed		0	
429	2	429	36	KP_1_ZDV_54.TI.Pin		0.0	0.1
430	2	430	36	KP_1_ZDV_54.TI.Pout		0.0	0.1
431	2	431	50	KP_1_ZDV_54.TR.SetTimeOpen		0.0	0
432	2	432	50	KP_1_ZDV_54.TR.SetTimeClose		0.0	0
433	2	433	45	KP_1_ZDV_55.TU.ToOpen		0	0
434	2	434	45	KP_1_ZDV_55.TU.ToClose		0	0
435	2	435	30	KP_1_ZDV_55.TS.Opened		0	
436	2	436	30	KP_1_ZDV_55.TS.Closed		0	
437	2	437	36	KP_1_ZDV_55.TI.Pin		0.0	0.1
438	2	438	36	KP_1_ZDV_55.TI.Pout		0.0	0.1
439	2	439	50	KP_1_ZDV_55.TR.SetTimeOpen		0.0	0
440	2	440	50	KP_1_ZDV_55.TR.SetTimeClose		0.0	0
441	2	441	45	KP_1_ZDV_56.TU.ToOpen		0	0
442	2	442	45	KP_1_ZDV_56.TU.ToClose		0	0
443	2	443	30	KP_1_ZDV_56.TS.Opened		0	
444	2	444	30	KP_1_ZDV_56.TS.Closed		0	
445	2	445	36	KP_1_ZDV_56.TI.Pin		0.0	0.1
446	2	446	36	KP_1_ZDV_56.TI.Pout		0.0	0.1
447	2	447	50	KP_1_ZDV_56.TR.SetTimeOpen		0.0	0
448	2	448	50	KP_1_ZDV_56.TR.SetTimeClose		0.0	0
449	2	449	45	KP_1_ZDV_57.TU.ToOpen		0	0
450	2	450	45	KP_1_ZDV_57.TU.ToClose		0	0
451	2	451	30	KP_1_ZDV_57.TS.Opened		0	
452	2	452	30	KP_1_ZDV_57.TS.Closed		0	
453	2	453	36	KP_1_ZDV_57.TI.Pin		0.0	0.1
454	2	454	36	KP_1_ZDV_57.TI.Pout		0.0	0.1
455	2	455	50	KP_1_ZDV_57.TR.SetTimeOpen		0.0	0
456	2	456	50	KP_1_ZDV_57.TR.SetTimeClose		0.0	0
457	2	457	45	KP_1_ZDV_58.TU.ToOpen		0	0
458	2	458	45	KP_1_ZDV_58.TU.ToClose		0	0
459	2	459	30	KP_1_ZDV_58.TS.Opened		0	
460	2	460	30	KP_1_ZDV_58.TS.Closed		0	
461	2	461	36	KP_1_ZDV_58.TI.Pin		0.0	0.1
462	2	462	36	KP_1_ZDV_58.TI.Pout		0.0	0.1
463	2	463	50	KP_1_ZDV_58.TR.SetTimeOpen		0.0	0
464	2	464	50	KP_1_ZDV_58.TR.SetTimeClose		0.0	0
465	2	465	45	KP_1_ZDV_59.TU.ToOpen		0	0
466	2	466	45	KP_1_ZDV_59.TU.ToClose		0	0
467	2	467	30	KP_1_ZDV_59.TS.Opened		0	
468	2	468	30	KP_1_ZDV_59.TS.Closed		0	
469	2	469	36	KP_1_ZDV_59.TI.Pin		0.0	0.1
470	2	470	36	KP_1_ZDV_59.TI.Pout		0.0	0.1
471	2	471	50	KP_1_ZDV_59.TR.SetTimeOpen		0.0	0
472	2	472	50	KP_1_ZDV_59.TR.SetTimeClose		0.0	0
473	2	473	45	KP_1_ZDV_60.TU.ToOpen		0	0
474	2	474	45	KP_1_ZDV_60.TU.ToClose		0	0
475	2	475	30	KP_1_ZDV_60.TS.Opened		0	
476	2	476	30	KP_1_ZDV_60.TS.Closed		0	
477	2	477	36	KP_1_ZDV_60.TI.Pin		0.0	0.1
478	2	478	36	KP_1_ZDV_60.TI.Pout		0.0	0.1
479	2	479	50	KP_1_ZDV_60.TR.SetTimeOpen		0.0	0
480	2	480	50	KP_1_ZDV_60.TR.SetTimeClose		0.0	0
481	2	481	45	KP_1_ZDV_61.TU.ToOpen		0	0
482	2	482	45	KP_1_ZDV_61.TU.ToClose		0	0
483	2	483	30	KP_1_ZDV_61.TS.Opened		0	
484	2	484	30	KP_1_ZDV_61.TS.Closed		0	
485	2	485	36	KP_1_ZDV_61.TI.Pin		0.0	0.1
486	2	486	36	KP_1_ZDV_61.TI.Pout		0.0	0.1
487	2	487	50	KP_1_ZDV_61.TR.SetTimeOpen		0.0	0
488	2	488	50	KP_1_ZDV_61.TR.SetTimeClose		0.0	0
489	2	489	45	KP_1_ZDV_62.TU.ToOpen		0	0
490	2	490	45	KP_1_ZDV_62.TU.ToClose		0	0
491	2	491	30	KP_1_ZDV_62.TS.Opened		0	
492	2	492	30	KP_1_ZDV_62.TS.Closed		0	
493	2	493	36	KP_1_ZDV_62.TI.Pin		0.0	0.1
494	2	494	36	KP_1_ZDV_62.TI.Pout		0.0	0.1
495	2	495	50	KP_1_ZDV_62.TR.SetTimeOpen		0.0	0
496	2	496	50	KP_1_ZDV_62.TR.SetTimeClose		0.0	0
497	2	497	45	KP_1_ZDV_63.TU.ToOpen		0	0
498	2	498	45	KP_1_ZDV_63.TU.ToClose		0	0
499	2	499	30	KP_1_ZDV_63.TS.Opened		0	
500	2	500	30	KP_1_ZDV_63.TS.Closed		0	
501	2	501	36	KP_1_ZDV_63.TI.Pin		0.0	0.1
502	2	502	36	KP_1_ZDV_63.TI.Pout		0.0	0.1
503	2	503	50	KP_1_ZDV_63.TR.SetTimeOpen		0.0	0
504	2	504	50	KP_1_ZDV_63.TR.SetTimeClose		0.0	0
505	2	505	45	KP_1_ZDV_64.TU.ToOpen		0	0
506	2	506	45	KP_1_ZDV_64.TU.ToClose		0	0
507	2	507	30	KP_1_ZDV_64.TS.Opened		0	
508	2	508	30	KP_1_ZDV_64.TS.Closed		0	
509	2	509	36	KP_1_ZDV_64.TI.Pin		0.0	0.1
510	2	510	36	KP_1_ZDV_64.TI.Pout		0.0	0.1
511	2	511	50	KP_1_ZDV_64.TR.SetTimeOpen		0.0	0
512	2	512	50	KP_1_ZDV_64.TR.SetTimeClose		0.0	0
513	2	513	45	KP_1_ZDV_65.TU.ToOpen		0	0
514	2	514	45	KP_1_ZDV_65.TU.ToClose		0	0
515	2	515	30	KP_1_ZDV_65.TS.Opened		0	
516	2	516	30	KP_1_ZDV_65.TS.Closed		0	
517	2	517	36	KP_1_ZDV_65.TI.Pin		0.0	0.1
518	2	518	36	KP_1_ZDV_65.TI.Pout		0.0	0.1
519	2	519	50	KP_1_ZDV_65.TR.SetTimeOpen		0.0	0
520	2	520	50	KP_1_ZDV_65.TR.SetTimeClose		0.0	0
521	2	521	45	KP_1_ZDV_66.TU.ToOpen		0	0
522	2	522	45	KP_1_ZDV_66.TU.ToClose		0	0
523	2	523	30	KP_1_ZDV_66.TS.Opened		0	
524	2	524	30	KP_1_ZDV_66.TS.Closed		0	
525	2	525	36	KP_1_ZDV_66.TI.Pin		0.0	0.1
526	2	526	36	KP_1_ZDV_66.TI.Pout		0.0	0.1
527	2	527	50	KP_1_ZDV_66.TR.SetTimeOpen		0.0	0
528	2	528	50	KP_1_ZDV_66.TR.SetTimeClose		0.0	0
529	2	529	45	KP_1_ZDV_67.TU.ToOpen		0	0
530	2	530	45	KP_1_ZDV_67.TU.ToClose		0	0
531	2	531	30	KP_1_ZDV_67.TS.Opened		0	
532	2	532	30	KP_1_ZDV_67.TS.Closed		0	
533	2	533	36	KP_1_ZDV_67.TI.Pin		0.0	0.1
534	2	534	36	KP_1_ZDV_67.TI.Pout		0.0	0.1
535	2	535	50	KP_1_ZDV_67.TR.SetTimeOpen		0.0	0
536	2	536	50	KP_1_ZDV_67.TR.SetTimeClose		0.0	0
537	2	537	45	KP_1_ZDV_68.TU.ToOpen		0	0
538	2	538	45	KP_1_ZDV_68.TU.ToClose		0	0
539	2	539	30	KP_1_ZDV_68.TS.Opened		0	
540	2	540	30	KP_1_ZDV_68.TS.Closed		0	
541	2	541	36	KP_1_ZDV_68.TI.Pin		0.0	0.1
542	2	542	36	KP_1_ZDV_68.TI.Pout		0.0	0.1
543	2	543	50	KP_1_ZDV_68.TR.SetTimeOpen		0.0	0
544	2	544	50	KP_1_ZDV_68.TR.SetTimeClose		0.0	0
545	2	545	45	KP_1_ZDV_69.TU.ToOpen		0	0
546	2	546	45	KP_1_ZDV_69.TU.ToClose		0	0
547	2	547	30	KP_1_ZDV_69.TS.Opened		0	
548	2	548	30	KP_1_ZDV_69.TS.Closed		0	
549	2	549	36	KP_1_ZDV_69.TI.Pin		0.0	0.1
550	2	550	36	KP_1_ZDV_69.TI.Pout		0.0	0.1
551	2	551	50	KP_1_ZDV_69.TR.SetTimeOpen		0.0	0
552	2	552	50	KP_1_ZDV_69.TR.SetTimeClose		0.0	0
553	2	553	45	KP_1_ZDV_70.TU.ToOpen		0	0
554	2	554	45	KP_1_ZDV_70.TU.ToClose		0	0
555	2	555	30	KP_1_ZDV_70.TS.Opened		0	
556	2	556	30	KP_1_ZDV_70.TS.Closed		0	
557	2	557	36	KP_1_ZDV_70.TI.Pin		0.0	0.1
558	2	558	36	KP_1_ZDV_70.TI.Pout		0.0	0.1
559	2	559	50	KP_1_ZDV_70.TR.SetTimeOpen		0.0	0
560	2	560	50	KP_1_ZDV_70.TR.SetTimeClose		0.0	0
561	2	561	45	KP_1_ZDV_71.TU.ToOpen		0	0
562	2	562	45	KP_1_ZDV_71.TU.ToClose		0	0
563	2	563	30	KP_1_ZDV_71.TS.Opened		0	
564	2	564	30	KP_1_ZDV_71.TS.Closed		0	
565	2	565	36	KP_1_ZDV_71.TI.Pin		0.0	0.1
566	2	566	36	KP_1_ZDV_71.TI.Pout		0.0	0.1
567	2	567	50	KP_1_ZDV_71.TR.SetTimeOpen		0.0	0
568	2	568	50	KP_1_ZDV_71.TR.SetTimeClose		0.0	0
569	2	569	45	KP_1_ZDV_72.TU.ToOpen		0	0
570	2	570	45	KP_1_ZDV_72.TU.ToClose		0	0
571	2	571	30	KP_1_ZDV_72.TS.Opened		0	
572	2	572	30	KP_1_ZDV_72.TS.Closed		0	
573	2	573	36	KP_1_ZDV_72.TI.Pin		0.0	0.1
574	2	574	36	KP_1_ZDV_72.TI.Pout		0.0	0.1
575	2	575	50	KP_1_ZDV_72.TR.SetTimeOpen		0.0	0
576	2	576	50	KP_1_ZDV_72.TR.SetTimeClose		0.0	0
577	2	577	45	KP_1_ZDV_73.TU.ToOpen		0	0
578	2	578	45	KP_1_ZDV_73.TU.ToClose		0	0
579	2	579	30	KP_1_ZDV_73.TS.Opened		0	
580	2	580	30	KP_1_ZDV_73.TS.Closed		0	
581	2	581	36	KP_1_ZDV_73.TI.Pin		0.0	0.1
582	2	582	36	KP_1_ZDV_73.TI.Pout		0.0	0.1
583	2	583	50	KP_1_ZDV_73.TR.SetTimeOpen		0.0	0
584	2	584	50	KP_1_ZDV_73.TR.SetTimeClose		0.0	0
585	2	585	45	KP_1_ZDV_74.TU.ToOpen		0	0
586	2	586	45	KP_1_ZDV_74.TU.ToClose		0	0
587	2	587	30	KP_1_ZDV_74.TS.Opened		0	
588	2	588	30	KP_1_ZDV_74.TS.Closed		0	
589	2	589	36	KP_1_ZDV_74.TI.Pin		0.0	0.1
590	2	590	36	KP_1_ZDV_74.TI.Pout		0.0	0.1
591	2	591	50	KP_1_ZDV_74.TR.SetTimeOpen		0.0	0
592	2	592	50	KP_1_ZDV_74.TR.SetTimeClose		0.0	0
593	2	593	45	KP_1_ZDV_75.TU.ToOpen		0	0
594	2	594	45	KP_1_ZDV_75.TU.ToClose		0	0
595	2	595	30	KP_1_ZDV_75.TS.Opened		0	
596	2	596	30	KP_1_ZDV_75.TS.Closed		0	
597	2	597	36	KP_1_ZDV_75.TI.Pin		0.0	0.1
598	2	598	36	KP_1_ZDV_75.TI.Pout		0.0	0.1
599	2	599	50	KP_1_ZDV_75.TR.SetTimeOpen		0.0	0
600	2	600	50	KP_1_ZDV_75.TR.SetTimeClose		0.0	0
601	2	601	45	KP_1_ZDV_76.TU.ToOpen		0	0
602	2	602	45	KP_1_ZDV_76.TU.ToClose		0	0
603	2	603	30	KP_1_ZDV_76.TS.Opened		0	
604	2	604	30	KP_1_ZDV_76.TS.Closed		0	
605	2	605	36	KP_1_ZDV_76.TI.Pin		0.0	0.1
606	2	606	36	KP_1_ZDV_76.TI.Pout		0.0	0.1
607	2	607	50	KP_1_ZDV_76.TR.SetTimeOpen		0.0	0
608	2	608	50	KP_1_ZDV_76.TR.SetTimeClose		0.0	0
609	2	609	45	KP_1_ZDV_77.TU.ToOpen		0	0
610	2	610	45	KP_1_ZDV_77.TU.ToClose		0	0
611	2	611	30	KP_1_ZDV_77.TS.Opened		0	
612	2	612	30	KP_1_ZDV_77.TS.Closed		0	
613	2	613	36	KP_1_ZDV_77.TI.Pin		0.0	0.1
614	2	614	36	KP_1_ZDV_77.TI.Pout		0.0	0.1
615	2	615	50	KP_1_ZDV_77.TR.SetTimeOpen		0.0	0
616	2	616	50	KP_1_ZDV_77.TR.SetTimeClose		0.0	0
617	2	617	45	KP_1_ZDV_78.TU.ToOpen		0	0
618	2	618	45	KP_1_ZDV_78.TU.ToClose		0	0
619	2	619	30	KP_1_ZDV_78.TS.Opened		0	
620	2	620	30	KP_1_ZDV_78.TS.Closed		0	
621	2	621	36	KP_1_ZDV_78.TI.Pin		0.0	0.1
622	2	622	36	KP_1_ZDV_78.TI.Pout		0.0	0.1
623	2	623	50	KP_1_ZDV_78.TR.SetTimeOpen		0.0	0
624	2	624	50	KP_1_ZDV_78.TR.SetTimeClose		0.0	0
625	2	625	45	KP_1_ZDV_79.TU.ToOpen		0	0
626	2	626	45	KP_1_ZDV_79.TU.ToClose		0	0
627	2	627	30	KP_1_ZDV_79.TS.Opened		0	
628	2	628	30	KP_1_ZDV_79.TS.Closed		0	
629	2	629	36	KP_1_ZDV_79.TI.Pin		0.0	0.1
630	2	630	36	KP_1_ZDV_79.TI.Pout		0.0	0.1
631	2	631	50	KP_1_ZDV_79.TR.SetTimeOpen		0.0	0
632	2	632	50	KP_1_ZDV_79.TR.SetTimeClose		0.0	0
633	2	633	45	KP_1_ZDV_80.TU.ToOpen		0	0
634	2	634	45	KP_1_ZDV_80.TU.ToClose		0	0
635	2	635	30	KP_1_ZDV_80.TS.Opened		0	
636	2	636	30	KP_1_ZDV_80.TS.Closed		0	
637	2	637	36	KP_1_ZDV_80.TI.Pin		0.0	0.1
638	2	638	36	KP_1_ZDV_80.TI.Pout		0.0	0.1
639	2	639	50	KP_1_ZDV_80.TR.SetTimeOpen		0.0	0
640	2	640	50	KP_1_ZDV_80.TR.SetTimeClose		0.0	0
641	2	641	45	KP_1_ZDV_81.TU.ToOpen		0	0
642	2	642	45	KP_1_ZDV_81.TU.ToClose		0	0
643	2	643	30	KP_1_ZDV_81.TS.Opened		0	
644	2	644	30	KP_1_ZDV_81.TS.Closed		0	
645	2	645	36	KP_1_ZDV_81.TI.Pin		0.0	0.1
646	2	646	36	KP_1_ZDV_81.TI.Pout		0.0	0.1
647	2	647	50	KP_1_ZDV_81.TR.SetTimeOpen		0.0	0
648	2	648	50	KP_1_ZDV_81.TR.SetTimeClose		0.0	0
649	2	649	45	KP_1_ZDV_82.TU.ToOpen		0	0
650	2	650	45	KP_1_ZDV_82.TU.ToClose		0	0
651	2	651	30	KP_1_ZDV_82.TS.Opened		0	
652	2	652	30	KP_1_ZDV_82.TS.Closed		0	
653	2	653	36	KP_1_ZDV_82.TI.Pin		0.0	0.1
654	2	654	36	KP_1_ZDV_82.TI.Pout		0.0	0.1
655	2	655	50	KP_1_ZDV_82.TR.SetTimeOpen		0.0	0
656	2	656	50	KP_1_ZDV_82.TR.SetTimeClose		0.0	0
657	2	657	45	KP_1_ZDV_83.TU.ToOpen		0	0
658	2	658	45	KP_1_ZDV_83.TU.ToClose		0	0
659	2	659	30	KP_1_ZDV_83.TS.Opened		0	
660	2	660	30	KP_1_ZDV_83.TS.Closed		0	
661	2	661	36	KP_1_ZDV_83.TI.Pin		0.0	0.1
662	2	662	36	KP_1_ZDV_83.TI.Pout		0.0	0.1
663	2	663	50	KP_1_ZDV_83.TR.SetTimeOpen		0.0	0
664	2	664	50	KP_1_ZDV_83.TR.SetTimeClose		0.0	0
665	2	665	45	KP_1_ZDV_84.TU.ToOpen		0	0
666	2	666	45	KP_1_ZDV_84.TU.ToClose		0	0
667	2	667	30	KP_1_ZDV_84.TS.Opened		0	
668	2	668	30	KP_1_ZDV_84.TS.Closed		0	
669	2	669	36	KP_1_ZDV_84.TI.Pin		0.0	0.1
670	2	670	36	KP_1_ZDV_84.TI.Pout		0.0	0.1
671	2	671	50	KP_1_ZDV_84.TR.SetTimeOpen		0.0	0
672	2	672	50	KP_1_ZDV_84.TR.SetTimeClose		0.0	0
673	2	673	45	KP_1_ZDV_85.TU.ToOpen		0	0
674	2	674	45	KP_1_ZDV_85.TU.ToClose		0	0
675	2	675	30	KP_1_ZDV_85.TS.Opened		0	
676	2	676	30	KP_1_ZDV_85.TS.Closed		0	
677	2	677	36	KP_1_ZDV_85.TI.Pin		0.0	0.1
678	2	678	36	KP_1_ZDV_85.TI.Pout		0.0	0.1
679	2	679	50	KP_1_ZDV_85.TR.SetTimeOpen		0.0	0
680	2	680	50	KP_1_ZDV_85.TR.SetTimeClose		0.0	0
681	2	681	45	KP_1_ZDV_86.TU.ToOpen		0	0
682	2	682	45	KP_1_ZDV_86.TU.ToClose		0	0
683	2	683	30	KP_1_ZDV_86.TS.Opened		0	
684	2	684	30	KP_1_ZDV_86.TS.Closed		0	
685	2	685	36	KP_1_ZDV_86.TI.Pin		0.0	0.1
686	2	686	36	KP_1_ZDV_86.TI.Pout		0.0	0.1
687	2	687	50	KP_1_ZDV_86.TR.SetTimeOpen		0.0	0
688	2	688	50	KP_1_ZDV_86.TR.SetTimeClose		0.0	0
689	2	689	45	KP_1_ZDV_87.TU.ToOpen		0	0
690	2	690	45	KP_1_ZDV_87.TU.ToClose		0	0
691	2	691	30	KP_1_ZDV_87.TS.Opened		0	
692	2	692	30	KP_1_ZDV_87.TS.Closed		0	
693	2	693	36	KP_1_ZDV_87.TI.Pin		0.0	0.1
694	2	694	36	KP_1_ZDV_87.TI.Pout		0.0	0.1
695	2	695	50	KP_1_ZDV_87.TR.SetTimeOpen		0.0	0
696	2	696	50	KP_1_ZDV_87.TR.SetTimeClose		0.0	0
697	2	697	45	KP_1_ZDV_88.TU.ToOpen		0	0
698	2	698	45	KP_1_ZDV_88.TU.ToClose		0	0
699	2	699	30	KP_1_ZDV_88.TS.Opened		0	
700	2	700	30	KP_1_ZDV_88.TS.Closed		0	
701	2	701	36	KP_1_ZDV_88.TI.Pin		0.0	0.1
702	2	702	36	KP_1_ZDV_88.TI.Pout		0.0	0.1
703	2	703	50	KP_1_ZDV_88.TR.SetTimeOpen		0.0	0
704	2	704	50	KP_1_ZDV_88.TR.SetTimeClose		0.0	0
705	2	705	45	KP_1_ZDV_89.TU.ToOpen		0	0
706	2	706	45	KP_1_ZDV_89.TU.ToClose		0	0
707	2	707	30	KP_1_ZDV_89.TS.Opened		0	
708	2	708	30	KP_1_ZDV_89.TS.Closed		0	
709	2	709	36	KP_1_ZDV_89.TI.Pin		0.0	0.1
710	2	710	36	KP_1_ZDV_89.TI.Pout		0.0	0.1
711	2	711	50	KP_1_ZDV_89.TR.SetTimeOpen		0.0	0
712	2	712	50	KP_1_ZDV_89.TR.SetTimeClose		0.0	0
713	2	713	45	KP_1_ZDV_90.TU.ToOpen		0	0
714	2	714	45	KP_1_ZDV_90.TU.ToClose		0	0
715	2	715	30	KP_1_ZDV_90.TS.Opened		0	
716	2	716	30	KP_1_ZDV_90.TS.Closed		0	
717	2	717	36	KP_1_ZDV_90.TI.Pin		0.0	0.1
718	2	718	36	KP_1_ZDV_90.TI.Pout		0.0	0.1
719	2	719	50	KP_1_ZDV_90.TR.SetTimeOpen		0.0	0
720	2	720	50	KP_1_ZDV_90.TR.SetTimeClose		0.0	0
721	2	721	45	KP_1_ZDV_91.TU.ToOpen		0	0
722	2	722	45	KP_1_ZDV_91.TU.ToClose		0	0
723	2	723	30	KP_1_ZDV_91.TS.Opened		0	
724	2	724	30	KP_1_ZDV_91.TS.Closed		0	
725	2	725	36	KP_1_ZDV_91.TI.Pin		0.0	0.1
726	2	726	36	KP_1_ZDV_91.TI.Pout		0.0	0.1
727	2	727	50	KP_1_ZDV_91.TR.SetTimeOpen		0.0	0
728	2	728	50	KP_1_ZDV_91.TR.SetTimeClose		0.0	0
729	2	729	45	KP_1_ZDV_92.TU.ToOpen		0	0
730	2	730	45	KP_1_ZDV_92.TU.ToClose		0	0
731	2	731	30	KP_1_ZDV_92.TS.Opened		0	
732	2	732	30	KP_1_ZDV_92.TS.Closed		0	
733	2	733	36	KP_1_ZDV_92.TI.Pin		0.0	0.1
734	2	734	36	KP_1_ZDV_92.TI.Pout		0.0	0.1
735	2	735	50	KP_1_ZDV_92.TR.SetTimeOpen		0.0	0
736	2	736	50	KP_1_ZDV_92.TR.SetTimeClose		0.0	0
737	2	737	45	KP_1_ZDV_93.TU.ToOpen		0	0
738	2	738	45	KP_1_ZDV_93.TU.ToClose		0	0
739	2	739	30	KP_1_ZDV_93.TS.Opened		0	
740	2	740	30	KP_1_ZDV_93.TS.Closed		0	
741	2	741	36	KP_1_ZDV_93.TI.Pin		0.0	0.1
742	2	742	36	KP_1_ZDV_93.TI.Pout		0.0	0.1
743	2	743	50	KP_1_ZDV_93.TR.SetTimeOpen		0.0	0
744	2	744	50	KP_1_ZDV_93.TR.SetTimeClose		0.0	0
745	2	745	45	KP_1_ZDV_94.TU.ToOpen		0	0
746	2	746	45	KP_1_ZDV_94.TU.ToClose		0	0
747	2	747	30	KP_1_ZDV_94.TS.Opened		0	
748	2	748	30	KP_1_ZDV_94.TS.Closed		0	
749	2	749	36	KP_1_ZDV_94.TI.Pin		0.0	0.1
750	2	750	36	KP_1_ZDV_94.TI.Pout		0.0	0.1
751	2	751	50	KP_1_ZDV_94.TR.SetTimeOpen		0.0	0
752	2	752	50	KP_1_ZDV_94.TR.SetTimeClose		0.0	0
753	2	753	45	KP_1_ZDV_95.TU.ToOpen		0	0
754	2	754	45	KP_1_ZDV_95.TU.ToClose		0	0
755	2	755	30	KP_1_ZDV_95.TS.Opened		0	
756	2	756	30	KP_1_ZDV_95.TS.Closed		0	
757	2	757	36	KP_1_ZDV_95.TI.Pin		0.0	0.1
758	2	758	36	KP_1_ZDV_95.TI.Pout		0.0	0.1
759	2	759	50	KP_1_ZDV_95.TR.SetTimeOpen		0.0	0
760	2	760	50	KP_1_ZDV_95.TR.SetTimeClose		0.0	0
761	2	761	45	KP_1_ZDV_96.TU.ToOpen		0	0
762	2	762	45	KP_1_ZDV_96.TU.ToClose		0	0
763	2	763	30	KP_1_ZDV_96.TS.Opened		0	
764	2	764	30	KP_1_ZDV_96.TS.Closed		0	
765	2	765	36	KP_1_ZDV_96.TI.Pin		0.0	0.1
766	2	766	36	KP_1_ZDV_96.TI.Pout		0.0	0.1
767	2	767	50	KP_1_ZDV_96.TR.SetTimeOpen		0.0	0
768	2	768	50	KP_1_ZDV_96.TR.SetTimeClose		0.0	0
769	2	769	45	KP_1_ZDV_97.TU.ToOpen		0	0
770	2	770	45	KP_1_ZDV_97.TU.ToClose		0	0
771	2	771	30	KP_1_ZDV_97.TS.Opened		0	
772	2	772	30	KP_1_ZDV_97.TS.Closed		0	
773	2	773	36	KP_1_ZDV_97.TI.Pin		0.0	0.1
774	2	774	36	KP_1_ZDV_97.TI.Pout		0.0	0.1
775	2	775	50	KP_1_ZDV_97.TR.SetTimeOpen		0.0	0
776	2	776	50	KP_1_ZDV_97.TR.SetTimeClose		0.0	0
777	2	777	45	KP_1_ZDV_98.TU.ToOpen		0	0
778	2	778	45	KP_1_ZDV_98.TU.ToClose		0	0
779	2	779	30	KP_1_ZDV_98.TS.Opened		0	
780	2	780	30	KP_1_ZDV_98.TS.Closed		0	
781	2	781	36	KP_1_ZDV_98.TI.Pin		0.0	0.1
782	2	782	36	KP_1_ZDV_98.TI.Pout		0.0	0.1
783	2	783	50	KP_1_ZDV_98.TR.SetTimeOpen		0.0	0
784	2	784	50	KP_1_ZDV_98.TR.SetTimeClose		0.0	0
785	2	785	45	KP_1_ZDV_99.TU.ToOpen		0	0
786	2	786	45	KP_1_ZDV_99.TU.ToClose		0	0
787	2	787	30	KP_1_ZDV_99.TS.Opened		0	
788	2	788	30	KP_1_ZDV_99.TS.Closed		0	
789	2	789	36	KP_1_ZDV_99.TI.Pin		0.0	0.1
790	2	790	36	KP_1_ZDV_99.TI.Pout		0.0	0.1
791	2	791	50	KP_1_ZDV_99.TR.SetTimeOpen		0.0	0
792	2	792	50	KP_1_ZDV_99.TR.SetTimeClose		0.0	0
793	2	793	45	KP_1_ZDV_100.TU.ToOpen		0	0
794	2	794	45	KP_1_ZDV_100.TU.ToClose		0	0
795	2	795	30	KP_1_ZDV_100.TS.Opened		0	
796	2	796	30	KP_1_ZDV_100.TS.Closed		0	
797	2	797	36	KP_1_ZDV_100.TI.Pin		0.0	0.1
798	2	798	36	KP_1_ZDV_100.TI.Pout		0.0	0.1
799	2	799	50	KP_1_ZDV_100.TR.SetTimeOpen		0.0	0
800	2	800	50	KP_1_ZDV_100.TR.SetTimeClose		0.0	0